-- inserting the data

-- physicians data
INSERT INTO physician(employeeid,name,position,ssn) 
VALUES (1,'John Dorian','Staff Internist',111111111),
(2,'Elliot Reid','Attending Physician',222222222),
(3,'Christopher Turk','Surgical Attending Physician',333333333),
(4,'Percival Cox','Senior Attending Physician',444444444),
(5,'Bob Kelso','Head Chief of Medicine',555555555),
(6,'Todd Quinlan','Surgical Attending Physician',666666666),
(7,'John Wen','Surgical Attending Physician',777777777),
(8,'Keith Dudemeister','MD Resident',888888888),
(9,'Molly Clock','Attending Psychiatrist',999999999);

-- department data
insert into department 
values (1,'General Medicine', 4),
(2,'Surgery',7),
(3,'Psychiatry',9);

-- affiliation data
INSERT INTO affiliated_with(physicianid,departmentid,primary_affiliation) 
VALUES (1,1,'t'),
(2,1,'t'),
(3,1,'f'),
(3,2,'t'),
(4,1,'t'),
(5,1,'t'),
(6,2,'t'),
(7,1,'f'),
(7,2,'t'),
(8,1,'t'),
(9,3,'t');

-- medical procedure
INSERT INTO medical_procedure(code,name,cost) VALUES (1,'Reverse Rhinopodoplasty',1500),
 (2,'Obtuse Pyloric Recombobulation',3750),
 (3,'Folded Demiophtalmectomy',4500),
 (4,'Complete Walletectomy',6000),
 (5,'Obfuscated Dermogastrotomy',4899),
 (6,'Reversible Pancreomyoplasty',5600),
 (7,'Follicular Demiectomy',25),
 (8, 'Advanced Cardiac Surgery', 3500),
 (9, 'Complex Neurosurgery', 4200),
 (10, 'Organ Transplant', 7000);

-- trained_in
INSERT INTO trained_in(physicianid,treatmentid,certificationdate,certificationexpires)
 VALUES (3,1,'1/1/2008','31/12/2008'),
 (3,2,'1/1/2008','31/12/2008'),
 (3,5,'1/1/2008','31/12/2008'),
 (3,6,'1/1/2008','31/12/2008'),
 (3,7,'1/1/2008','31/12/2008'),
 (6,2,'1/1/2008','31/12/2008'),
 (6,5,'1/1/2007','31/12/2007'),
 (6,6,'1/1/2008','31/12/2008'),
 (7,1,'1/1/2008','31/12/2008'),
 (7,2,'1/1/2008','31/12/2008'),
 (7,3,'1/1/2008','31/12/2008'),
 (7,4,'1/1/2008','31/12/2008'),
 (7,5,'1/1/2008','31/12/2008'),
 (7,6,'1/1/2008','31/12/2008'),
 (7,7,'1/1/2008','31/12/2008');

-- patient data
INSERT INTO patient(ssn,name,address,phonenum,insuranceid,pcpid)
 VALUES (100000001,'John Smith','42 Foobar Lane','555-0256',68476213,1),
(100000002,'Grace Ritchie','37 Snafu Drive','555-0512',36546321,2),
(100000003,'Robert Perez','101 Omgbbq Street','555-1204',65465421,2),
(100000004,'Dennis Doe','1100 Foobaz Avenue','555-2048',68421879,3);

-- nurse data
INSERT INTO nurse(employeeid,name,position,registered,ssn) 
VALUES 
(101,'Carla Espinosa','Head Nurse','t',111111110),
(102,'Laverne Roberts','Nurse','t',222222220),
(103,'Paul Flowers','Nurse','f',333333330),
(111, 'Laura Martinez', 'Staff Nurse', 't', 111111111),
(112, 'Carlos Ruiz', 'Assisting Nurse', 'f', 112112112);

-- appointments data
INSERT INTO appointments(appointmentid,patientid,prepnurseid,Physicianid,start_dt_time,end_dt_time,examinationroom) VALUES (13216584,100000001,101,1,'24/4/2008','24/4/2008','A'),
  (26548913,100000002,101,2,'24/4/2008','24/4/2008','B'),
  (36549879,100000001,102,1,'25/4/2008','25/4/2008','A'),
  (46846589,100000004,103,4,'25/4/2008','25/4/2008','B'),
  (59871321,100000004,NULL,4,'26/4/2008','26/4/2008','C'),
  (69879231,100000003,103,2,'26/4/2008','26/4/2008','C'),
  (76983231,100000001,NULL,3,'26/4/2008','26/4/2008','C'),
  (86213939,100000004,102,9,'27/4/2008','21/4/2008','A'),
  (93216548,100000002,101,2,'27/4/2008','27/4/2008','B');

-- medication data
INSERT INTO medication(code,name,brand,description) 
VALUES (1,'Procrastin-X',NULL,'N/A'),
 (2,'Thesisin','Foo Labs','N/A'),
 (3,'Awakin','Bar Laboratories','N/A'),
 (4,'Crescavitin','Baz Industries','N/A'),
 (5,'Melioraurin','Snafu Pharmaceuticals','N/A'),
 (6, 'Sedocalm', 'Foo Labs', 'N/A'),
 (7, 'CardioPlus', 'General Pharma', 'NA'),
 (8, 'NeuroCalm', 'Inter Labs', 'NA');

-- prescibes data
INSERT INTO prescribes(physicianid,patientid,medicationid,date,appointmentid,dose) 
VALUES (1,100000001,1,'24/4/2008',13216584,5),
 (9,100000004,2,'27/4/2008',86213939,10),
 (9,100000004,2,'30/4/2008',13216584,5);
 
-- block data
insert into block values(1,1),
(1,2),
(1,3),
(2,1),
(2,2),
(2,3),
(3,1),
(3,2),
(3,3),
(4,1),
(4,2),
(4,3);

-- room data
INSERT INTO room(roomnumber,roomtype,blockfloorid,blockcodeid,unavailable) 
VALUES (101,'Single',1,1,'f'),
 (102,'Single',1,1,'f'),
 (103,'Single',1,1,'f'),
 (111,'Single',1,2,'f'),
 (112,'Single',1,2,'t'),
 (113,'Single',1,2,'f'),
 (121,'Single',1,3,'f'),
 (122,'Single',1,3,'f'),
 (123,'Single',1,3,'f'),
 (201,'Single',2,1,'t'),
 (202,'Single',2,1,'f'),
 (203,'Single',2,1,'f'),
 (211,'Single',2,2,'f'),
 (212,'Single',2,2,'f'),
 (213,'Single',2,2,'t'),
 (221,'Single',2,3,'f'),
 (222,'Single',2,3,'f'),
 (223,'Single',2,3,'f'),
 (301,'Single',3,1,'f'),
 (302,'Single',3,1,'t'),
 (303,'Single',3,1,'f'),
 (311,'Single',3,2,'f'),
 (312,'Single',3,2,'f'),
 (313,'Single',3,2,'f'),
 (321,'Single',3,3,'t'),
 (322,'Single',3,3,'f'),
 (323,'Single',3,3,'f'),
 (401,'Single',4,1,'f'),
 (402,'Single',4,1,'t'),
 (403,'Single',4,1,'f'),
 (411,'Single',4,2,'f'),
 (412,'Single',4,2,'f'),
 (413,'Single',4,2,'f'),
 (421,'Single',4,3,'t'),
 (422,'Single',4,3,'f'),
 (423,'Single',4,3,'f');

 -- oncall data
INSERT INTO on_call(nurseid,blockfloorid,blockcodeid,oncallstart,ONCALLEND) 
VALUES (101,1,1,'4/11/2008','4/11/2008'),
 (101,1,2,'4/11/2008','4/11/2008'),
 (102,1,3,'4/11/2008','4/11/2008'),
 (103,1,1,'4/11/2008','4/11/2008'),
 (103,1,2,'4/11/2008','4/11/2008'),
 (103,1,3,'4/11/2008','4/11/2008'),
 (111, 1, 1, '01/03/2024', '07/03/2024'),
(111, 1, 1, '08/03/2024', '14/03/2024'),
(111, 1, 1, '15/03/2024', '21/03/2024'),
(112, 4, 2, '01/04/2024', '07/04/2024'),
(112, 4, 2, '08/04/2024', '14/04/2024');
 
 -- stay data
INSERT INTO stay(stayid,patientid,roomid,start_time,end_time) 
VALUES (3215,100000001,111,'1/5/2008','4/5/2008'),
(3216,100000003,123,'3/5/2008','14/5/2008'),
(3217,100000004,112,'2/5/2008','3/5/2008');

-- undergoes data
INSERT INTO undergoes(patientid,procedureid,stayid,`date`,physicianid,assistingnurseid) 
VALUES (100000001,6,3215,'2/5/2008',3,101),
(100000001,2,3215,'3/5/2008',7,101),
(100000004,1,3217,'7/5/2008',3,102),
(100000004,5,3217,'9/5/2008',6,103),
(100000001,7,3217,'10/5/2008',7,101),
(100000004,4,3217,'13/5/2008',3,103),
(100000001,1, 3215, '10/03/2024', 2, 111),
(100000002,2, 3216, '11/03/2024', 2, 111),
(100000003,3, 3217, '12/03/2024', 2, 111),
(100000001,4, 3215, '15/04/2024', 4, 112),
(100000004,5, 3216, '16/04/2024', 4, 112);

-- New patients (using existing physician employeeid as pcpid)
INSERT INTO patient(ssn, name, address, phonenum, insuranceid, pcpid)
VALUES
    (100000005, 'Ana López', '123 Main St', '555-9999', 12345678, 1),
    (100000006, 'Carlos García', '456 Oak Ave', '555-8888', 87654321, 2),
    (100000007, 'Sofia Fernandez', '789 Pine St', '555-1111', 11111111, 3),
    (100000008, 'Javier Gomez', '321 Cedar Ave', '555-2222', 22222222, 9),
    (100000009, 'Lucia Rodriguez', '456 Maple St', '555-3333', 33333333, 6);

-- New appointments (using the new patients)
INSERT INTO appointments(appointmentid, patientid, prepnurseid, physicianid, start_dt_time, end_dt_time, examinationroom)
VALUES
    (10003, 100000005, 101, 1, '14/01/2023', '14/01/2023', 'A'),
    (10004, 100000006, 102, 2, '19/02/2023', '19/02/2023', 'B'),
    (10005, 100000001, 101, 1, '09/03/2023', '09/03/2023', 'C'),
    (10006, 100000002, 102, 2, '11/04/2023', '11/04/2023', 'A'),
    (10007, 100000005, 103, 1, '16/05/2023', '16/05/2023', 'B'),
    (10008, 100000006, 101, 2, '21/06/2023', '21/06/2023', 'C'),
    (10009, 100000001, 102, 1, '13/07/2023', '13/07/2023', 'A'),
    (10010, 100000002, 103, 2, '17/08/2023', '17/08/2023', 'B'),
    (10011, 100000005, 101, 1, '22/09/2023', '22/09/2023', 'C'),
    (10012, 100000006, 102, 2, '05/10/2023', '05/10/2023', 'A'),
    (10013, 100000001, 103, 1, '10/11/2023', '10/11/2023', 'B'),
    (10014, 100000002, 101, 2, '15/12/2023', '15/12/2023', 'C'),
    (10015, 100000005, 102, 1, '08/01/2024', '08/01/2024', 'A'),
    (10016, 100000006, 103, 2, '12/02/2024', '12/02/2024', 'B'),
    (10017, 100000001, 101, 1, '18/03/2024', '18/03/2024', 'C'),
    (10018, 100000002, 102, 2, '22/04/2024', '22/04/2024', 'A'),
    (10019, 100000005, 103, 1, '07/05/2024', '07/05/2024', 'B'),
    (10020, 100000006, 101, 2, '14/06/2024', '14/06/2024', 'C'),
    (10021, 100000001, 102, 1, '19/07/2024', '19/07/2024', 'A'),
    (10022, 100000002, 103, 2, '25/08/2024', '25/08/2024', 'B'),
    (10023, 100000005, 101, 1, '30/09/2024', '30/09/2024', 'C'),
    (10024, 100000006, 102, 2, '04/10/2024', '04/10/2024', 'A'),
    (10025, 100000001, 103, 1, '09/11/2024', '09/11/2024', 'B'),
    (10026, 100000002, 101, 2, '13/12/2024', '13/12/2024', 'C'),
    (10027, 100000007, 102, 3, '16/01/2023', '16/01/2023', 'A'),
    (10028, 100000008, 103, 9, '20/02/2023', '20/02/2023', 'B'),
    (10029, 100000009, 101, 6, '24/03/2023', '24/03/2023', 'C'),
    (10030, 100000007, 102, 3, '10/04/2023', '10/04/2023', 'A'),
    (10031, 100000008, 103, 9, '15/05/2023', '15/05/2023', 'B'),
    (10032, 100000009, 101, 6, '22/06/2023', '22/06/2023', 'C'),
    (10033, 100000007, 102, 3, '05/07/2023', '05/07/2023', 'A'),
    (10034, 100000008, 103, 9, '12/08/2023', '12/08/2023', 'B'),
    (10035, 100000009, 101, 6, '18/09/2023', '18/09/2023', 'C'),
    (10036, 100000007, 102, 3, '25/10/2023', '25/10/2023', 'A'),
    (10037, 100000008, 103, 9, '02/11/2023', '02/11/2023', 'B'),
    (10038, 100000009, 101, 6, '08/12/2023', '08/12/2023', 'C'),
    (10039, 100000007, 102, 3, '14/01/2024', '14/01/2024', 'A'),
    (10040, 100000008, 103, 9, '19/02/2024', '19/02/2024', 'B'),
    (10041, 100000009, 101, 6, '24/03/2024', '24/03/2024', 'C'),
    (10042, 100000007, 102, 3, '10/04/2024', '10/04/2024', 'A'),
    (10043, 100000008, 103, 9, '15/05/2024', '15/05/2024', 'B'),
    (10044, 100000009, 101, 6, '22/06/2024', '22/06/2024', 'C'),
    (10045, 100000007, 102, 3, '05/07/2024', '05/07/2024', 'A'),
    (10046, 100000008, 103, 9, '12/08/2024', '12/08/2024', 'B'),
    (10047, 100000009, 101, 6, '18/09/2024', '18/09/2024', 'C'),
    (10048, 100000007, 102, 3, '25/10/2024', '25/10/2024', 'A'),
    (10049, 100000008, 103, 9, '02/11/2024', '02/11/2024', 'B'),
    (10050, 100000009, 101, 6, '08/12/2024', '08/12/2024', 'C');

-- New nurses
INSERT INTO nurse (employeeid, name, position, registered, ssn) VALUES
(105, 'Ted Buckland', 'Charge Nurse', 't', 105105105),
(106, 'Patricia Smith', 'Staff Nurse', 't', 106106106),
(107, 'Juan Perez', 'Assisting Nurse', 'f', 107107107),
(108, 'Maria Lopez', 'Head Nurse', 't', 108108108),
(109, 'David Lee', 'Staff Nurse', 't', 109109109),
(110, 'Elena Rodriguez', 'Assisting Nurse', 'f', 110110110);

-- New undergoes
INSERT INTO undergoes (patientid, procedureid, stayid, date, physicianid, assistingnurseid) VALUES 
(100000001, 8, 3215, '20/05/2024', 3, 101),
(100000001, 9, 3215, '21/05/2024', 3, 101),
(100000001, 10, 3215, '22/05/2024', 3, 101),
(100000001, 10, 3215, '27/05/2024', 3, 102),
(100000002, 8, 3216, '23/05/2024', 3, 102),
(100000003, 9, 3217, '24/05/2024', 3, 103),
(100000004, 10, 3217, '25/05/2024', 7, 101),
(100000005, 8, 3215, '26/05/2024', 7, 102),
(100000006, 9, 3216, '27/05/2024', 7, 103);

-- New on_call
INSERT INTO on_call (nurseid, blockfloorid, blockcodeid, oncallstart, oncallend) VALUES
(106, 1, 1, '22/12/2025', '28/12/2025'),
(109, 1, 1, '29/03/2026', '04/04/2026'),
(105, 1, 1, '1/11/2025', '7/11/2025'),
(105, 2, 1, '8/11/2025', '14/11/2025'),
(105, 3, 2, '15/11/2025', '21/11/2025'),
(106, 2, 1, '1/12/2025', '7/12/2025'),
(106, 1, 2, '8/12/2025', '14/12/2025'),
(106, 3, 1, '15/12/2025', '21/12/2025'),
(107, 2, 2, '1/1/2026', '7/1/2026'),
(107, 3, 3, '8/1/2026', '14/1/2026'),
(107, 1, 3, '15/1/2026', '21/1/2026'),
(108, 1, 1, '1/2/2026', '7/2/2026'),
(108, 1, 2, '8/2/2026', '14/2/2026'),
(109, 2, 1, '1/3/2026', '7/3/2026'),
(109, 2, 3, '8/3/2026', '14/3/2026'),
(110, 3, 1, '1/4/2026', '7/4/2026'),
(110, 2, 2, '8/4/2026', '14/4/2026'),
(110, 1, 3, '15/4/2026', '21/4/2026'),
(101, 3, 1, '1/5/2026', '7/5/2026'),
(102, 1, 3, '8/5/2026', '14/5/2026');

-- New prescribes
INSERT INTO prescribes (physicianid, patientid, medicationid, date, appointmentid, dose) VALUES 
(1, 100000001, 1, '15/01/2024', 10003, 5),
(2, 100000002, 2, '20/02/2024', 10004, 3),
(4, 100000003, 3, '10/03/2024', 10005, 2),
(8, 100000004, 4, '05/04/2024', 10006, 4),
(1, 100000005, 5, '12/05/2024', 10007, 1),
(2, 100000001, 1, '18/06/2024', 10008, 3),
(4, 100000002, 2, '22/07/2024', 10009, 2),
(8, 100000003, 3, '30/08/2024', 10010, 5),
(1, 100000001, 1, '15/01/2021', 13216584, 2),
(2, 100000002, 2, '20/02/2020', 26548913, 3),
(3, 100000001, 7, '15/01/2024', 10003, 5),
(3, 100000002, 8, '16/01/2024', 10004, 3), 
(7, 100000003, 7, '17/01/2024', 10005, 2),
(7, 100000004, 8, '18/01/2024', 10006, 4);